id,maker,car_name,year,engine,country,mode_url,file_name,folder_name,Voluminous_Smart,Powerful_Delicate,Linear_Curvy,Functional_Decorative,Robust_Flexible,Calm_Dynamic,Realistic_Romantic,Elegant_Cute,Sophisticated_Youthful,Luxurious_Approachable,Formal_Everyday,Strict_Friendly,Uniform_Free,Special_Everyday
1,Alfa Romeo,Stelvio,2017,内燃機関,イタリア,https://hum3d.com/3d-models/alfa-romeo-stelvio-q4-2017/,Alfa-Romeo_Stelvio_(949)_Q4_2017,001_AR_Stelvio_Q4_2017,4.52,4.48,5.0,4.28,4.48,3.48,4.28,3.16,3.52,3.28,3.96,3.88,4.2,4.16
2,Alfa Romeo,Tonale,2019,内燃機関,イタリア,https://hum3d.com/ja/3d-models/alfa-romeo-tonale/,Alfa-Romeo_Tonale_concept_2019,002_AR_Tonale_CPT_2019,4.0,3.4,4.65,5.0,4.4,3.85,5.05,3.5,3.25,2.6,3.7,3.35,4.2,3.55
3,Audi,Q3 Sportback ,2019,内燃機関,ドイツ,https://hum3d.com/3d-models/audi-q3-sportback-s-line-2019/,Audi_Q3_(Mk2)_(F3)_Sportback_S_line_2019,003_AU_Q3_Sportback_S_line_2019,,,,,,,,,,,,,,
4,Audi,Q4 e-tron,2021,BEV,ドイツ,https://hum3d.com/ja/3d-models/audi-q4-e-tron-2022/,Audi_Q4_e-tron_S-line_2021,004_AU_Q4_etron_Sline_2021,2.681818181818182,2.636363636363636,3.681818181818182,3.909090909090909,3.409090909090909,4.545454545454546,4.363636363636363,2.954545454545455,3.318181818181818,2.818181818181818,3.681818181818182,3.454545454545455,3.772727272727273,3.863636363636364
5,Audi,Q7,2019,内燃機関,ドイツ,https://hum3d.com/ja/3d-models/audi-q7-2019/,Audi_Q7_(Mk2f)_(4M)_2019,005_AU_Q7_2019,4.478260869565218,3.956521739130435,4.434782608695652,4.565217391304348,4.347826086956522,2.956521739130435,4.217391304347826,2.782608695652174,3.08695652173913,2.608695652173913,3.217391304347826,3.434782608695652,3.304347826086957,3.608695652173913
6,BMW,X7,2018,,ドイツ,https://hum3d.com/ja/3d-models/bmw-x7-2018/,BMW_X7_(G07)_2019,006_BM_X7_2019,2.6,2.95,3.4,3.85,3.2,3.35,3.05,2.85,2.7,2.85,3.75,3.65,3.3,4.15
7,Byton,K-byte,2020,BEV,中国,https://hum3d.com/zh/3d-models/byton-k-byte-2020/,Byton_K_byte_concept_2020,007_BY_K_byte_concept_2020,,,,,,,,,,,,,,
8,Byton,M-byte,2020,BEV,中国,https://hum3d.com/ja/3d-models/byton-m-byte-2020-2/,Byton_M-byte_2020,008_BY_Mbyte_2020,3.576923076923077,3.769230769230769,4.192307692307693,4.461538461538462,4.115384615384615,4.269230769230769,4.846153846153846,3.076923076923077,3.538461538461538,2.730769230769231,3.307692307692307,3.307692307692307,4.038461538461538,3.230769230769231
9,Chevrolet,Tahoe,2020,内燃機関,アメリカ,https://hum3d.com/ja/3d-models/chevrolet-tahoe-rst-2020/,Chevrolet_Tahoe_(Mk5)_(GMT1YC)_RST_2020,009_CH_Tahoe_RST_2020,,,,,,,,,,,,,,
10,Citroen,C4 Cactus,2015,内燃機関,フランス,https://hum3d.com/ja/3d-models/citroen-c4-cactus-2015/,Citroen_C4_Cactus_2015,010_CI_C4_Cactus_2015,5.142857142857143,4.571428571428571,5.142857142857143,5.333333333333333,4.714285714285714,4.476190476190476,4.666666666666667,5.571428571428571,5.333333333333333,5.047619047619047,5.285714285714286,5.0,5.380952380952381,4.857142857142857
11,Citroen,e-C4,2020,BEV,フランス,https://hum3d.com/ja/3d-models/citroen-c4-e-2020/,Citroen_C4_(Mk3)_e_2020,011_CI_C4_e_2020,,,,,,,,,,,,,,
12,Daihatsu,Rocky,2019,内燃機関,日本,https://hum3d.com/ja/3d-models/daihatsu-rocky-2019/,Daihatsu_Rocky_(Mk2)_2019,012_DA_Rocky_2019,3.96,3.56,2.88,3.04,3.48,4.32,2.96,4.92,4.92,5.56,5.84,5.48,4.64,5.4
13,Daihatsu,Taft,2020,内燃機関,日本,https://hum3d.com/ja/3d-models/daihatsu-taft-2020/,Daihatsu_Taft_2020,013_DA_Taft_2020,3.058823529411764,2.823529411764706,1.294117647058824,2.882352941176471,1.823529411764706,4.176470588235294,2.882352941176471,5.0,5.117647058823529,5.411764705882353,5.823529411764706,5.470588235294118,3.588235294117647,4.941176470588236
14,Fiat,500X,2015,内燃機関,イタリア,https://hum3d.com/ja/3d-models/fiat-500x-2015/,Fiat_500X_(334)_2015,014_FI_500X_2015,4.238095238095238,4.142857142857143,5.190476190476191,4.380952380952381,4.714285714285714,4.285714285714286,3.809523809523809,5.047619047619047,5.190476190476191,5.095238095238095,5.428571428571429,5.476190476190476,5.0,5.428571428571429
15,Ford,Bronco 2ドア,2021,内燃機関,アメリカ,https://hum3d.com/ja/3d-models/ford-bronco-2-door-badlands-2021/,Ford_Bronco_(Mk6)_2door_Badlands_2021,015_FO_Bronco_2D_Badlands_2021,2.238095238095238,1.952380952380952,2.095238095238095,2.809523809523809,1.857142857142857,5.238095238095238,4.619047619047619,4.238095238095238,4.904761904761905,3.333333333333333,4.761904761904762,4.523809523809524,5.047619047619047,3.761904761904762
16,Ford,Escape SE ,2020,内燃機関,アメリカ,https://hum3d.com/3d-models/ford-escape-se-2020/,Ford_Escape_(Mk4)_SE_2020,016_FO_Escape_SE_2020,,,,,,,,,,,,,,
17,Ford,Evos,2021,BEV,アメリカ,https://hum3d.com/ja/3d-models/ford-evos-2021/,Ford_Evos_2021,017_FO_Evos_2021,4.6875,3.6875,5.375,4.25,4.875,4.9375,4.5,2.9375,3.4375,3.25,4.125,4.0,3.875,4.125
18,Ford,Explorer ST,2020,内燃機関,アメリカ,https://hum3d.com/zh/3d-models/ford-explorer-st-2020/,Ford_Explorer_(Mk6)_ST_2020,018_FO_Explorer_ST_2020,,,,,,,,,,,,,,
19,Ford,Mustang Mach-E 4,2020,BEV,アメリカ,https://hum3d.com/ja/3d-models/ford-mustang-mach-e/,Ford_Mustang_Mach-E_4_2020,019_FO_Mustang_MachE_4_2020,4.1,3.55,5.5,4.4,4.85,4.65,4.65,3.05,3.7,2.85,3.55,3.65,4.5,3.6
20,GMC,Hummer EV,2023,BEV,アメリカ,https://hum3d.com/ja/3d-models/gmc-hummer-ev-suv-2023/,Hummer_EV_SUV_2023,020_HU_EV_SUV_2023,1.636363636363636,1.454545454545455,2.272727272727273,3.0,1.636363636363636,5.0,4.772727272727272,3.272727272727273,3.954545454545455,2.863636363636364,4.954545454545454,3.363636363636364,4.681818181818182,3.909090909090909
21,Hyundai,Casper,2021,内燃機関,韓国,https://hum3d.com/ja/3d-models/hyundai-casper/,Hyundai_Casper_2021,021_HY_Casper_2021,,,,,,,,,,,,,,
22,Hyundai,Kona Electric,2020,BEV,韓国,https://hum3d.com/ja/3d-models/hyundai-kona-electric-2020/,Hyundai_Kona_(Mk1f)_(OS)_Electric_2020,022_HY_Kona_Electric_2020,5.476190476190476,5.285714285714286,5.523809523809524,4.238095238095238,4.809523809523809,4.238095238095238,3.666666666666667,5.142857142857143,5.380952380952381,4.857142857142857,5.476190476190476,5.380952380952381,4.904761904761905,5.285714285714286
23,Hyundai,Nexo,2019,BEV,韓国,https://hum3d.com/ja/3d-models/hyundai-nexo/,Hyundai_Nexo_2019,023_HY_Nexo_2019,,,,,,,,,,,,,,
24,Hyundai,Tucson,2018,内燃機関,韓国,https://hum3d.com/3d-models/hyundai-tucson-2018/,Hyundai_Tucson_(Mk3f)_2018,024_HY_Tucson_2018,,,,,,,,,,,,,,
25,Jeep,Compass,2016,内燃機関,アメリカ,https://hum3d.com/3d-models/jeep-compass-2019/,Jeep_Compass_(Mk2)_Limited_2016,025_JP_Compass_Limited_2016,,,,,,,,,,,,,,
26,Jeep,Renegade,2015,内燃機関,アメリカ,https://hum3d.com/ja/3d-models/jeep-renegade-latitude-2015/,Jeep_Renegade_Latitude_2014,026_JP_Renegade_Latitude_2014,2.722222222222222,2.888888888888889,2.944444444444445,2.888888888888889,2.555555555555555,4.833333333333333,3.833333333333333,4.5,4.333333333333333,4.055555555555555,4.5,5.111111111111111,4.666666666666667,4.777777777777778
27,Jeep,Wrangler Rubicon,2018,内燃機関,アメリカ,https://hum3d.com/ja/3d-models/jeep-wrangler-rubicon-2018/,Jeep_Wrangler_(Mk4)_(JL)_Rubicon_2018,027_JP_Wrangler_Rubicon_2018,1.894736842105263,1.578947368421053,1.578947368421053,2.0,1.789473684210526,5.315789473684211,4.947368421052632,3.578947368421053,4.736842105263158,3.631578947368421,4.473684210526316,4.578947368421052,4.684210526315789,3.947368421052631
28,Kia,Niro e,2019,BEV,韓国,https://hum3d.com/ja/3d-models/kia-niro-e-2019/,Kia_Niro_(Mk1)_(DE)_e_2019,028_KI_Niro_e_2019,3.954545454545455,4.045454545454546,4.636363636363637,3.681818181818182,4.181818181818182,3.636363636363636,3.0,4.590909090909091,4.363636363636363,5.090909090909091,5.681818181818182,5.181818181818182,3.545454545454545,5.409090909090909
29,Lamborghini,Urus,2019,内燃機関,イタリア,https://hum3d.com/ja/3d-models/lamborghini-urus-2019/,Lamborghini_Urus_2019,029_LM_Urus_2019,3.809523809523809,3.190476190476191,4.714285714285714,4.761904761904762,4.285714285714286,5.476190476190476,5.809523809523809,2.809523809523809,4.428571428571429,2.190476190476191,3.809523809523809,3.666666666666667,5.523809523809524,3.333333333333333
30,Land Rover,Defender,2020,内燃機関,イギリス,https://hum3d.com/3d-models/land-rover-defender-110-hardtop-2020,Land-Rover_Defender_(Mk2)_110_HardTop_2020,030_LR_Defender_110_HardTop_2020,2.0,2.210526315789474,1.842105263157895,2.368421052631579,1.894736842105263,4.473684210526316,3.526315789473684,3.789473684210526,4.157894736842105,3.578947368421053,5.0,4.578947368421052,4.263157894736842,4.684210526315789
31,Land Rover,Range Rover,2009,内燃機関,イギリス,https://hum3d.com/ja/3d-models/land-rover-range-rover-supercharged-2009/,Land-Rover_Range_Rover_(Mk3)_(L322)_Supercharged_2009_fromOBJ,031_LR_RangeRover_SC_2009,,,,,,,,,,,,,,
32,Land Rover,Range Rover,2022,内燃機関,イギリス,https://hum3d.com/zh/3d-models/range-rover-2022/,Land-Rover_Range_Rover_(Mk5)_(L460)_Autobiography_2022,032_LR_RangeRover_AB_2022,2.684210526315789,2.842105263157895,2.421052631578947,3.052631578947369,3.210526315789474,2.842105263157895,3.684210526315789,3.578947368421053,2.842105263157895,3.210526315789474,3.947368421052631,3.842105263157895,3.052631578947369,3.894736842105263
33,Lexus,LF-Z Electrified,2021,BEV,日本,https://hum3d.com/ja/3d-models/lexus-lf-z/,Lexus_LF-Z_Electrified_concept_2021,033_LX_LFZ_Electrified_CPT_2021,4.416666666666667,3.958333333333333,5.666666666666667,4.791666666666667,5.083333333333333,4.333333333333333,5.333333333333333,2.541666666666667,3.25,2.5,3.583333333333333,3.333333333333333,4.208333333333333,3.25
34,Lexus,NX,2017,内燃機関,日本,https://hum3d.com/3d-models/lexus-nx-hybrid-2017/,Lexus_NX_(Mk1f)_hybrid_2017,034_LX_NX_hybrid_2017,,,,,,,,,,,,,,
35,MAZDA,CX-3,2016,内燃機関,日本,https://hum3d.com/ja/3d-models/mazda-cx-3-2016/,Mazda_CX-3_2016,035_MZ_CX3_2016,,,,,,,,,,,,,,
36,MAZDA,CX-4,2020,内燃機関,日本,https://hum3d.com/3d-models/mazda-cx-4-2020/,Mazda_CX-4_(Mk1f)_2020,036_MZ_CX4_2020,5.478260869565218,5.173913043478261,5.260869565217392,3.478260869565217,5.217391304347826,3.956521739130435,3.869565217391304,3.521739130434783,3.869565217391304,3.91304347826087,4.913043478260869,4.695652173913044,4.0,4.739130434782608
37,MAZDA,CX-5,2012,内燃機関,日本,https://hum3d.com/3d-models/mazda-cx-5-us-spec-2012/,Mazda_CX-5_(Mk1)_US-spec_2012,037_MZ_CX5_USspec_2012,,,,,,,,,,,,,,
38,MAZDA,CX-5,2017,内燃機関,日本,https://hum3d.com/3d-models/mazda-cx-5-2017/,Mazda_CX-5_(Mk2)_2017 (1),038_MZ_CX5_2017,4.045454545454546,3.409090909090909,4.636363636363637,3.681818181818182,4.363636363636363,4.090909090909091,3.545454545454545,3.090909090909091,3.454545454545455,4.181818181818182,5.045454545454546,4.681818181818182,4.0,5.0
39,Mercedes-Benz,EQA,2021,BEV,ドイツ,Mercedes-Benz EQA AMG-Line Edition 1 2021 3Dモデル - 乗り物 on Hum3D,Mercedes-Benz_EQA_(H243)_AMG_Line_Edition_1_2021,039_MB_EQA_2021,,,,,,,,,,,,,,
40,Mercedes-Benz,EQB,2021,BEV,ドイツ,https://hum3d.com/ja/3d-models/mercedes-benz-eqb-2022/,Mercedes-Benz_EQB_2021,040_MB_EQB_2021,,,,,,,,,,,,,,
41,Mercedes-Benz,EQC,2020,BEV,ドイツ,https://hum3d.com/ja/3d-models/mercedes-benz-eqc-2020/,Mercedes-Benz_EQC_2020,041_MB_EQC_2020,2.823529411764706,3.352941176470588,4.647058823529412,4.294117647058823,4.058823529411764,3.352941176470588,4.058823529411764,2.882352941176471,2.411764705882353,2.529411764705882,3.470588235294118,3.470588235294118,3.882352941176471,3.647058823529412
42,Mercedes-Benz,G-class,2019,内燃機関,ドイツ,https://hum3d.com/3d-models/mercedes-benz-g-class-w463-2019/,Mercedes-Benz_G-class_(Mk2)_(W463)_2019,042_MB_Gclass_2019,1.807692307692308,1.615384615384615,1.576923076923077,2.5,1.730769230769231,4.384615384615385,3.423076923076923,3.269230769230769,3.5,2.653846153846154,4.461538461538462,3.192307692307693,3.384615384615385,3.769230769230769
43,Mercedes-Benz,GLA-class,2020,内燃機関,ドイツ,https://hum3d.com/3d-models/mercedes-benz-gla-class-progressive-line-edition-1-2020/,Mercedes-Benz_GLA-class_(H247)_Progressive_Line_Edition_1_2020,043_MB_GLAclass_2020,4.28,3.48,4.72,3.36,4.04,3.56,3.28,3.6,3.72,3.76,4.36,4.2,3.92,4.64
44,Mercedes-Benz,GLB-class,2019,内燃機関,ドイツ,https://hum3d.com/3d-models/mercedes-benz-glb-class-edition-1-2019/,Mercedes-Benz_GLB-class_(Mk1)_Edition_1_2019,044_MB_GLBclass_2019,,,,,,,,,,,,,,
45,NIO,ES6,2019,BEV,中国,https://hum3d.com/ja/3d-models/nio-es6-with-hq-interior-2019/,NIO_ES6_2019,045_NI_ES6_2019,,,,,,,,,,,,,,
46,Nissan,ARIYA,2020,BEV,日本,https://hum3d.com/3d-models/nissan-ariya-2021/,Nissan_Ariya_e-4orce_2020,046_NI_Ariya_e4orce_2020,3.428571428571428,3.571428571428572,5.761904761904762,4.0,4.523809523809524,4.190476190476191,4.714285714285714,3.809523809523809,3.666666666666667,2.857142857142857,3.809523809523809,4.047619047619047,4.380952380952381,4.047619047619047
47,Nissan,Juke,2020,,日本,https://hum3d.com/ja/3d-models/nissan-juke-2020/,Nissan_Juke_(Mk2)_2020,047_NS_Juke_2020,4.2,3.333333333333333,4.6,5.0,3.533333333333333,5.066666666666666,4.133333333333334,4.8,5.333333333333333,5.333333333333333,5.866666666666666,5.066666666666666,5.0,5.333333333333333
48,Porche,Macan S,2018,内燃機関,ドイツ,https://hum3d.com/3d-models/porsche-macan-s-2018/,Porsche_Macan_(Mk1f)_(95B)_S_2018,048_PO_Macan_S_2018,,,,,,,,,,,,,,
49,Peugeot,3008 hybrid4,2020,,フランス,https://hum3d.com/ja/3d-models/peugeot-3008-2021/,Peugeot_3008_(Mk2f)_hybrid4_2020,049_PE_3008_hybrid4_2020,,,,,,,,,,,,,,
50,Renault,Capture,2020,,フランス,https://hum3d.com/ja/3d-models/renault-captur-2020/,Renault_Captur_concept_2020,050_RE_Captur_concept_2020,,,,,,,,,,,,,,
51,Suzuki,Jimny Sierra,2019,内燃機関,日本,https://hum3d.com/ja/3d-models/suzuki-jimny-2019/,Suzuki_Jimny_(Mk4)_(JB74)_Sierra_2019,051_SW_Jimny_Sierra_2019,4.75,3.4,2.0,2.9,2.8,4.4,3.75,5.3,5.55,5.0,5.1,5.3,4.85,5.4
52,Tesla,Model X,2016,BEV,アメリカ,https://hum3d.com/3d-models/tesla-model-x-2016/,Tesla_Model_X_2016,052_TE_Model_X_2016,,,,,,,,,,,,,,
53,Tesla,Model X Plaid,2021,BEV,アメリカ,https://hum3d.com/zh/3d-models/tesla-model-x-2021/,Tesla_Model_X_(Mk1f)_2021,053_TE_Model_X_2021,5.619047619047619,4.952380952380953,5.333333333333333,3.619047619047619,5.476190476190476,3.380952380952381,3.476190476190476,4.095238095238095,3.857142857142857,4.0,5.095238095238095,4.761904761904762,4.0,5.190476190476191
54,TOYOTA,Corolla Cross,2020,内燃機関,日本,https://hum3d.com/ja/3d-models/toyota-corolla-cross-2020/,Toyota_Corolla_Cross_2021,054_TO_Corolla_Cross_2021,,,,,,,,,,,,,,
55,TOYOTA,Harrier,2020,内燃機関,日本,https://hum3d.com/ja/3d-models/toyota-harrier-2020/,Toyota_Harrier_(Mk4)_2020,055_TO_Harrier_2020,4.285714285714286,3.714285714285714,5.095238095238095,4.142857142857143,4.380952380952381,3.333333333333333,4.333333333333333,3.0,2.714285714285714,2.523809523809524,3.333333333333333,3.380952380952381,3.761904761904762,3.666666666666667
56,TOYOTA,RAV4,2018,内燃機関,日本,https://hum3d.com/3d-models/toyota-rav4-xa50-limited-2018/,Toyota_RAV4_(Mk4)_(XA50)_Limited_2018,056_TO_RAV4_Limited_2018,,,,,,,,,,,,,,
57,Volkswagen,ID.4,2020,BEV,ドイツ,https://hum3d.com/3d-models/volkswagen-id-4-2020/,Volkswagen_ID4_2020,057_VW_ID4_2020,,,,,,,,,,,,,,
58,Volkswagen,T-Cross,2019,内燃機関,ドイツ,https://hum3d.com/3d-models/volkswagen-t-cross-highline-2019/,Volkswagen_T-Cross_Highline_2019,058_VW_TCross_Highline_2019,,,,,,,,,,,,,,
59,Volkswagen,T-Roc,2017,内燃機関,ドイツ,https://hum3d.com/ja/3d-models/volkswagen-t-roc-2017/,Volkswagen_T-Roc_2017,059_VW_TRoc_2017,,,,,,,,,,,,,,
60,Volvo,C40 Recharge ,2021,BEV,スウェーデン,https://hum3d.com/ja/3d-models/volvo-c40-2022/,Volvo_C40_Recharge_2021,060_VO_C40_Recharge_2021,3.714285714285714,3.535714285714286,4.035714285714286,4.25,3.964285714285714,4.107142857142857,4.0,3.535714285714286,3.464285714285714,3.321428571428572,4.214285714285714,4.321428571428571,3.642857142857143,4.285714285714286
61,Volvo,XC40,2017,内燃機関,スウェーデン,https://hum3d.com/3d-models/volvo-xc40-2018/,Volvo_XC40_2017,061_VO_XC40_2017,,,,,,,,,,,,,,
62,Volvo,XC60,2017,内燃機関,スウェーデン,https://hum3d.com/ja/3d-models/volvo-xc60-inscription-2017/,Volvo_XC60_(Mk2)_T6_Inscription_2017,062_VO_XC60_T6_Inscription_2017,3.6,3.35,3.75,4.15,4.5,3.9,3.85,3.2,3.0,3.1,4.05,3.75,3.75,4.2
63,Volvo,XC90,2015,内燃機関,スウェーデン,https://hum3d.com/ja/3d-models/volvo-xc90-t8-2015/,Volvo_XC90_(Mk2)_T8_2015,063_VO_XC90_T8_2015,,,,,,,,,,,,,,
64,Xpeng,G3,2020,BEV,中国,https://hum3d.com/zh/3d-models/xpeng-g3-2020/,Xpeng_G3_2020,064_XP_G3_2020,,,,,,,,,,,,,,
65,Audi,Q2,2017,内燃機関,ドイツ,https://hum3d.com/ja/3d-models/audi-q-2-2017/,Audi_Q2_2017,065_AU_Q2_2017,,,,,,,,,,,,,,
66,Audi,Q5,2020,内燃機関,ドイツ,https://hum3d.com/ja/3d-models/audi-q5-2020/,Audi_Q5_(Mk2f)_(FY)_2020,066_AU_Q5_2020,,,,,,,,,,,,,,
67,Audi,Q8,2020,内燃機関,ドイツ,https://hum3d.com/ja/3d-models/audi-q8-rs-2020/,Audi_Q8_RS_2020,067_AU_Q8_RS_2020,,,,,,,,,,,,,,
68,AvtoVAZ,Lada Niva,2019,内燃機関,ロシア,https://hum3d.com/ja/3d-models/vaz-lada-niva-4x4-21214-57-urban-2019/,VAZ_Lada_Niva_4x4_(21214-57)_Urban_2019,068_VZ_LadaNiva_Urban_2019,,,,,,,,,,,,,,
69,BMW,X5,2019,,ドイツ,https://hum3d.com/ja/3d-models/bmw-x5-2019/,BMW_iX3_concept_2018,069_BM_X5_2019,2.333333333333333,2.428571428571428,3.428571428571428,3.666666666666667,3.142857142857143,3.333333333333333,4.428571428571429,3.047619047619047,3.0,2.761904761904762,3.428571428571428,3.0,3.380952380952381,3.714285714285714
70,BMW,X1,2015,,ドイツ,https://hum3d.com/ja/3d-models/bmw-x1-f48-2015/,BMW_Vision_iNEXT_concept_2018,070_BM_X1_2015,3.45,2.95,3.35,3.45,3.05,3.55,3.8,2.7,2.45,2.6,4.05,3.7,3.75,4.15
71,BMW,iX3,2018,,ドイツ,https://hum3d.com/ja/3d-models/bmw-ix3-concept/,BMW_X1_(Mk2)_(F48)_2015,071_BM_iX3_CPT_2018,,,,,,,,,,,,,,
72,BMW,X2 M sport,2018,,ドイツ,https://hum3d.com/ja/3d-models/bmw-x2-m-sport-2018/,BMW_X2_(F39)_M_Sport_2018,072_BM_X2_M_Sport_2018,,,,,,,,,,,,,,
73,BMW,X3 M,2018,,ドイツ,https://hum3d.com/ja/3d-models/bmw-x3-m-g01-2018/,BMW_X3_(Mk3)_(G01)_xLine_2018,073_BM_X3_xLine_2018,,,,,,,,,,,,,,
74,BMW,Vision iNEXT,2018,,ドイツ,https://hum3d.com/ja/3d-models/bmw-vision-inext-2018/,BMW_X5_(Mk4)_(G05)_2019,074_BM_Vision_iNEXT_CPT_2018,,,,,,,,,,,,,,
75,BYD,E6,2021,BEV,中国,https://hum3d.com/zh/3d-models/byd-e6-2021/,BYD_E6_2021,075_BD_E6_2021,2.761904761904762,3.333333333333333,4.380952380952381,2.666666666666667,3.666666666666667,2.857142857142857,1.714285714285714,3.952380952380953,3.761904761904762,4.714285714285714,6.0,5.619047619047619,3.476190476190476,6.095238095238095
76,Chevrolet,Equinox Premier,2020,内燃機関,アメリカ,https://hum3d.com/zh/3d-models/chevrolet-equinox-premier-2020/,Chevrolet_Equinox_(Mk3f)_Premier_2020,076_CH_Equinox_Premier_2020,2.714285714285714,2.619047619047619,4.047619047619047,3.714285714285714,3.190476190476191,3.761904761904762,3.571428571428572,3.714285714285714,3.619047619047619,3.857142857142857,4.761904761904762,4.285714285714286,3.809523809523809,4.761904761904762
77,Chevrolet,Tahoe Z71,2020,内燃機関,アメリカ,https://hum3d.com/zh/3d-models/chevrolet-tahoe-z71-2020/,Chevrolet_Tahoe_(Mk5)_(GMT1YC)_Z71_2020,077_CH_Tahoe_Z71_2020,1.125,1.25,1.666666666666667,3.083333333333333,1.833333333333333,4.625,4.75,2.75,3.125,2.166666666666667,3.166666666666667,2.958333333333333,3.666666666666667,3.416666666666667
78,Chevrolet,Tracker Premier,2020,内燃機関,アメリカ,https://hum3d.com/zh/3d-models/chevrolet-tracker-2020/,Chevrolet_Tracker_Premier_2020,078_CH_Tracker_Premier_2020,,,,,,,,,,,,,,
79,Ford,Bronco Sport,2021,内燃機関,アメリカ,https://hum3d.com/ja/3d-models/ford-bronco-sport-2021/,Ford_Bronco_Sport_2021,079_FO_Bronco_SPT_2021,2.526315789473684,2.526315789473684,1.842105263157895,3.263157894736842,2.052631578947369,4.526315789473684,4.473684210526316,3.684210526315789,4.210526315789473,3.473684210526316,4.210526315789473,4.210526315789473,4.368421052631579,4.0
80,Ford,Edge Vignale,2019,内燃機関,アメリカ,https://hum3d.com/zh/3d-models/ford-edge-vignale-2019/,Ford_Edge_(Mk3f)_Vignale_2019,080_FO_Edge_Vignale_2019,,,,,,,,,,,,,,
81,Ford,Territory CN-spec,2019,内燃機関,アメリカ,https://hum3d.com/ja/3d-models/ford-territory-cn-spec-2019/,Ford_Territory_CN-spec_2019,081_FO_Territory_2019,,,,,,,,,,,,,,
82,Genesis,GV60,2022,BEV,韓国,https://hum3d.com/ja/3d-models/genesis-gv60-2022/,Genesis_GV60_2022,082_GE_GV60_2022,5.266666666666667,4.6,5.933333333333334,4.866666666666666,5.266666666666667,3.866666666666667,4.933333333333334,4.466666666666667,4.266666666666667,3.4,4.266666666666667,4.866666666666666,4.8,4.333333333333333
83,Genesis,GV70,2021,内燃機関,韓国,https://hum3d.com/ja/3d-models/genesis-gv70/,Genesis_GV70_2021,083_GE_GV70_2021,3.916666666666667,3.375,4.666666666666667,4.25,4.0,4.208333333333333,4.083333333333333,3.0,3.5,3.166666666666667,3.916666666666667,3.541666666666667,3.5,3.958333333333333
84,Genesis,GV80,2020,内燃機関,韓国,https://hum3d.com/ja/3d-models/genesis-gv80-2020/,Genesis_GV80_2020,084_GE_GV80_2020,2.15,2.4,3.65,4.3,3.15,3.7,4.25,2.8,2.9,2.35,3.7,3.05,3.65,4.0
85,GMC,Acadia AT4,2019,内燃機関,アメリカ,https://hum3d.com/zh/3d-models/gmc-acadia-at4-2019/,GMC_Acadia_(Mk2f)_AT4_2020,085_GC_Acadia_AT4_2020,,,,,,,,,,,,,,
86,GMC,Acadia Denali,2020,内燃機関,アメリカ,https://hum3d.com/zh/3d-models/gmc-acadia-denali-2020/,GMC_Acadia_(Mk2f)_Denali_2020,086_GC_Acadia_Denali_2020,,,,,,,,,,,,,,
87,GMC,Terrain SLT,2022,内燃機関,アメリカ,https://hum3d.com/zh/3d-models/gmc-terrain-slt-2022/,GMC_Terrain_(Mk2f)_SLT_2022,087_GC_Terrain_SLT_2022,2.1875,2.3125,3.0,3.5,2.75,4.5625,3.75,3.25,4.0,3.375,4.1875,3.8125,4.125,4.3125
88,GMC,Yukon Denali,2021,内燃機関,アメリカ,https://hum3d.com/zh/3d-models/gmc-yukon-denali-2021/,GMC_Yukon_(Mk5)_Denali_2021,088_GC_Yukon_Denali_2021,,,,,,,,,,,,,,
89,Haval,XY,2021,内燃機関,中国,https://hum3d.com/zh/3d-models/haval-xy-2021/,Haval_XY_2021,089_HV_XY_2021,,,,,,,,,,,,,,
90,Honda,CR-V,2017,内燃機関,日本,https://hum3d.com/ja/3d-models/honda-cr-v-touring-2017/,Honda_CR-V_(Mk5)_Touring_2017,090_HO_CRV_Touring_2017,2.791666666666667,2.833333333333333,3.458333333333333,3.25,3.0,4.375,3.208333333333333,3.833333333333333,3.833333333333333,4.5,4.833333333333333,4.208333333333333,4.166666666666667,5.083333333333333
91,Honda,HR-V e-HEV,2022,内燃機関,日本,https://hum3d.com/ja/3d-models/honda-hr-v-e-hev-2022/,Honda_HR-V_(Mk3)_e-HEV_2022,091_HO_HRV_eHEV_2022,,,,,,,,,,,,,,
92,Hyundai,Ioniq 5,2022,BEV,韓国,https://hum3d.com/ja/3d-models/hyundai-ioniq-5/,Hyundai_Ioniq_5_2022,092_HY_Ioniq_5_2022,4.0,3.941176470588236,3.705882352941177,3.941176470588236,3.705882352941177,3.529411764705882,4.823529411764706,3.235294117647059,4.0,3.176470588235294,3.882352941176471,3.705882352941177,4.470588235294118,3.588235294117647
93,Hyundai,Santa Fe,2021,内燃機関,韓国,https://hum3d.com/ja/3d-models/hyundai-santa-fe-2021/,Hyundai_Santa_Fe_(Mk4f)_(TM)_2021,093_HY_Santa_Fe_2021,,,,,,,,,,,,,,
94,Jeep,Grand Cherokee L Summit,2021,内燃機関,アメリカ,https://hum3d.com/zh/3d-models/jeep-grand-cherokee-l-2021/,Jeep_Grand_Cherokee_(Mk5)_(WL)_L_Summit_2021,094_JP_Grand_Cherokee_L_Summit_2021,1.583333333333333,1.625,2.625,2.875,2.0,4.166666666666667,4.166666666666667,3.0,3.0,2.166666666666667,3.708333333333333,3.166666666666667,3.291666666666667,3.791666666666667
95,Land Rover,Discovery P360,2021,内燃機関,イギリス,https://hum3d.com/ja/3d-models/land-rover-discovery-2021/,Land-Rover_Discovery_(Mk5f)_P360_R-Dynamic_2021,095_LR_Discovery_P360_R_Dynamic_2021,,,,,,,,,,,,,,
96,Lexus,LX,2016,内燃機関,日本,https://hum3d.com/ja/3d-models/lexus-lx-2016/,Lexus_LX_(Mk3f)_(J200)_2016,096_LX_LX_2016,1.315789473684211,1.210526315789474,2.947368421052631,3.578947368421053,2.315789473684211,4.210526315789473,4.368421052631579,3.210526315789474,2.263157894736842,2.210526315789474,3.263157894736842,2.736842105263158,3.526315789473684,3.315789473684211
97,Lexus,RX,2019,内燃機関,日本,https://hum3d.com/ja/3d-models/lexus-rx-hybrid-2020/,Lexus_RX_(Mk4f)_(AL20)_hybrid_Executive_2020,097_LX_RX_hybrid_Executive_2020,,,,,,,,,,,,,,
98,Lexus,UX,2018,内燃機関,日本,https://hum3d.com/ja/3d-models/lexus-ux-2018/,Lexus_UX_(Mk1)_2018,098_LX_UX_2018,,,,,,,,,,,,,,
99,Maserati,Levante,2019,内燃機関,イタリア,https://hum3d.com/ja/3d-models/maserati-levante-2017/,Maserati_Levante_2017,099_MR_Levante_2017,4.0,3.727272727272727,5.272727272727272,5.136363636363637,4.136363636363637,4.181818181818182,4.954545454545454,2.5,2.818181818181818,2.5,3.181818181818182,2.909090909090909,4.318181818181818,3.136363636363636
100,MAZDA,CX-30,2020,内燃機関,日本,https://hum3d.com/ja/3d-models/mazda-cx-30/,Mazda_CX-30_2020,100_MZ_CX-30_2020,4.333333333333333,4.047619047619047,4.857142857142857,3.761904761904762,4.666666666666667,3.857142857142857,3.285714285714286,3.428571428571428,3.904761904761905,3.952380952380953,4.571428571428571,4.666666666666667,3.714285714285714,4.714285714285714
101,MAZDA,CX-8,2017,内燃機関,日本,https://hum3d.com/ja/3d-models/mazda-cx-8-2017/,Mazda_CX-8_2017,101_MZ_CX-8_2017,,,,,,,,,,,,,,
102,MAZDA,CX-9,2016,内燃機関,日本,https://hum3d.com/ja/3d-models/mazda-cx-9-2016/,Mazda_CX-9_(Mk3)_2016,102_MZ_CX-9_2016,,,,,,,,,,,,,,
103,Mercedes-Benz,GLC-class,2019,内燃機関,ドイツ,Mercedes-Benz GLC-class L 2019 3Dモデル - 乗り物 on Hum3D,Mercedes-Benz_GLC-class_(Mk1f)_(V253)_L_2019,103_MB_GLC_L_2019,,,,,,,,,,,,,,
104,Mercedes-Benz,GLS,2019,内燃機関,ドイツ,https://hum3d.com/ja/3d-models/mercedes-benz-gls-class-2019/,Mercedes-Benz_GLS-class_(Mk2)_(X167)_2019,104_MB_GLS_2019,,,,,,,,,,,,,,
105,Nio,ES8,2018,BEV,中国,https://hum3d.com/ja/3d-models/nio-es8-2018/,Nio_ES8_2018,105_NI_ES8_2018,3.2,2.84,3.72,3.6,3.36,4.08,4.0,3.2,3.84,3.32,4.72,4.0,3.88,4.48
106,Nissan,Pathfinder Platinum,2022,,日本,https://hum3d.com/ja/3d-models/nissan-pathfinder-2022/,Nissan_Pathfinder_(Mk5)_(R53)_Platinum_2022,106_NS_Pathfinder_Platinum_2022,,,,,,,,,,,,,,
107,Nissan,Patrol Ti,2020,,日本,https://hum3d.com/ja/3d-models/nissan-patrol-ti-2020/,Nissan_Patrol_(Mk6f)_(Y62)_Ti_2020,107_NS_Patrol_Ti_2020,1.772727272727273,1.818181818181818,1.909090909090909,2.590909090909091,1.772727272727273,3.772727272727273,3.727272727272727,3.363636363636364,3.636363636363636,3.0,4.409090909090909,3.454545454545455,3.590909090909091,4.727272727272728
108,Nissan,Qashkai,2021,,日本,https://hum3d.com/ja/3d-models/nissan-qashqai-2021/,Nissan_Qashqai_(Mk3)_(J12)_2021,108_NS_Qashqai_2021,,,,,,,,,,,,,,
109,Nissan,Rogue Platinum,2021,,日本,https://hum3d.com/ja/3d-models/nissan-rogue-2021/,Nissan_Rogue_(Mk3)_(T33)_Platinum_2021,109_NS_Rogue_Platinum_2021,,,,,,,,,,,,,,
110,Opel,Mokka-e,2021,,ドイツ,https://hum3d.com/ja/3d-models/opel-mokka-e-2021/,Opel_Mokka_(Mk2)_e_2021,110_OP_Mokka_e_2021,4.157894736842105,3.684210526315789,4.052631578947368,3.894736842105263,3.789473684210526,4.526315789473684,3.947368421052631,4.578947368421052,5.052631578947368,4.315789473684211,4.947368421052632,4.789473684210527,4.526315789473684,4.842105263157895
111,Peugeot,e-2008,2018,BEV,フランス,https://hum3d.com/ja/3d-models/peugeot-e-2008-gt-2019/,Peugeot_2008_(Mk2)_e_GT_2019,111_PE_2008_e_GT_2019,,,,,,,,,,,,,,
112,Porche,Cayenne,2017,内燃機関,ドイツ,Porsche Cayenne S 2017 3Dモデル - 乗り物 on Hum3D,Porsche_Cayenne_(Mk3)_S_2017,112_PO_Cayenne_S_2017,4.05,4.0,4.45,4.55,4.35,3.6,4.85,3.3,2.65,2.5,3.55,3.6,3.95,3.65
113,Renault,Arkana,2020,内燃機関,フランス,https://hum3d.com/3d-models/renault-arkana-2020/,Renault_Arkana_2020,113_RE_Arkana_2020,5.095238095238095,4.047619047619047,5.523809523809524,3.857142857142857,4.714285714285714,4.238095238095238,3.523809523809524,3.380952380952381,3.476190476190476,3.571428571428572,4.571428571428571,4.571428571428571,4.095238095238095,4.904761904761905
114,Renault,Koleos,2020,,フランス,https://hum3d.com/ja/3d-models/renault-koleos-2020/,Renault_Koleos_(Mk1f)_2020,114_RE_Koleos_2020,,,,,,,,,,,,,,
115,Renault,Triber,2020,,フランス,https://hum3d.com/ja/3d-models/renault-triber-2020/,Renault_Triber_2020,115_RE_Triber_2020,4.375,3.9375,4.8125,3.8125,4.3125,4.3125,3.0625,5.25,5.0,5.1875,5.4375,5.375,5.125,5.75
116,Subaru,Forester Touring,2018,内燃機関,日本,https://hum3d.com/ja/3d-models/subaru-forester-touring-2018/,Subaru_Forester_(Mk5)_(SK)_Touring_2018,116_SB_Forester_Touring_2018,,,,,,,,,,,,,,
117,Subaru,XV,2019,内燃機関,日本,https://hum3d.com/ja/3d-models/subaru-xv-2019/,Subaru_XV_(Mk3)_2019,117_SB_XV_2019,,,,,,,,,,,,,,
118,Suzuki,SX4 S-Cross,2016,内燃機関,日本,https://hum3d.com/ja/3d-models/suzuki-sx4-s-cross-2016/,Suzuki_SX4_(Mk2f)_S-Cross_2016,118_SZ_SX4_S_Cross_2016,,,,,,,,,,,,,,
119,TOYOTA,bZ4X,2021,BEV,日本,https://hum3d.com/ja/3d-models/toyota-bz4x-2021/,Toyota_bZ4X_2021,119_TO_bZ4X_2021,3.272727272727273,3.272727272727273,3.772727272727273,3.954545454545455,3.409090909090909,4.090909090909091,4.181818181818182,3.181818181818182,3.590909090909091,3.272727272727273,4.363636363636363,3.681818181818182,4.136363636363637,4.181818181818182
120,TOYOTA,C-HR,2019,内燃機関,日本,https://hum3d.com/ja/3d-models/toyota-c-hr-2019/,Toyota_C-HR_(Mk1f)_2019,120_TO_C_HR_2019,3.947368421052631,3.421052631578947,4.526315789473684,4.473684210526316,4.0,5.105263157894737,3.684210526315789,4.210526315789473,5.105263157894737,5.0,5.105263157894737,4.947368421052632,4.736842105263158,4.894736842105263
121,TOYOTA,Highlander,2021,内燃機関,日本,https://hum3d.com/ja/3d-models/toyota-highlander-xse-2020/,Toyota_Highlander_(Mk4)_(XU70)_XSE_2020,121_TO_Highlander_XSE_2020,,,,,,,,,,,,,,
122,TOYOTA,Land Cruiser,2021,内燃機関,日本,Toyota Land Cruiser GR-S 2021 3Dモデル - 乗り物 on Hum3D,Toyota_Land_Cruiser_(Mk9)_(J300)_GR-S_2021,122_TO_Land_Cruiser_GR_S_2021,1.545454545454545,1.590909090909091,2.045454545454545,2.909090909090909,1.727272727272727,4.772727272727272,4.136363636363637,3.272727272727273,3.045454545454545,2.272727272727273,3.636363636363636,3.272727272727273,3.545454545454545,3.590909090909091
123,Volkswagen,ID.6,2021,BEV,ドイツ,Volkswagen ID.6 X Prime 2021 3Dモデル - 乗り物 on Hum3D,Volkswagen_ID-6_X_Prime_2021,123_VW_ID6_X_Prime_2021,2.48,2.68,3.88,3.44,3.32,4.04,3.24,3.2,3.16,3.36,4.44,4.32,3.56,4.52
124,Volkswagen,Tiguan,2021,内燃機関,ドイツ,Volkswagen Tiguan 2021 3Dモデル - 乗り物 on Hum3D,Volkswagen_Tiguan_(Mk2f)_R_2020,124_VW_Tiguan_R_2020,,,,,,,,,,,,,,
125,Mercedes-Benz,Vision EQXX,2022,BEV,ドイツ,https://hum3d.com/ja/3d-models/mercedes-benz-vision-eqxx-2022/,Mercedes-Benz_Vision_EQXX_concept_2022,125_MB_Vision_EQXX_2022,,,,,,,,,,,,,,
126,Aion,V Plus,2022,BEV,中国,https://hum3d.com/ja/3d-models/aion-v-plus-2022/,Aion_V_Plus_2022,126_AI_VPlus_2022,,,,,,,,,,,,,,
127,Alfa Romeo,Tonale Ti,2022,内燃機関,イタリア,https://hum3d.com/ja/3d-models/alfa-romeo-tonale-ti-2022/,Alfa-Romeo_Stelvio_Quadrifoglio_2018,127_AR_Stelvio_Quadrifoglio_2018,,,,,,,,,,,,,,
128,Alfa Romeo,Stelvio Quadrifoglio ,2021,,,https://hum3d.com/ja/3d-models/alfa-romeo-stelvio-quadrifoglio/,Alfa-Romeo_Tonale_(965)_Ti_2022,128_AR_Tonale_Ti_2022,4.92,4.08,4.68,4.28,4.72,4.24,4.08,3.52,4.2,3.84,4.52,4.44,4.28,4.6
129,Aston Martin,DBX707,2022,内燃機関,イタリア,https://hum3d.com/ja/3d-models/aston-martin-dbx707-2023/,Aston-Martin_DBX707_2022,129_AM_DBX707_2022,,,,,,,,,,,,,,
130,Audi,Q8 e-tron,2022,BEV,ドイツ,https://hum3d.com/ja/3d-models/audi-q8-e-tron-2024/,Audi_Activesphere_concept_2023,130_AU_Activesphere_2023,,,,,,,,,,,,,,
131,Audi,Q8 e-tron Sportback,2022,BEV,ドイツ,https://hum3d.com/ja/3d-models/audi-q8-e-tron-sportback-2022/,Audi_Q4_e-tron_Sportback_S-line_2021,131_AU_Q4_etron_SportbackS_2021,,,,,,,,,,,,,,
132,Audi,Activesphere,2023,,ドイツ,https://hum3d.com/ja/3d-models/audi-activesphere-concept-2023/,Audi_Q8_e-tron_2022,132_AU_Q8_etron_2022,,,,,,,,,,,,,,
133,Audi,Q4 e-tron Sportback S-line,2021,BEV,ドイツ,https://hum3d.com/ja/3d-models/audi-q4-e-tron-sportback-s-line-2021/,Audi_Q8_e-tron_Sportback_2022,133_AU_Q8_etron_Sportback_2022,,,,,,,,,,,,,,
134,BMW,iX,2022,BEV,ドイツ,https://hum3d.com/ja/3d-models/bmw-ix-sport-2022/,BMW_iX_Sport_2022,134_BM_iX_Sport_2022,,,,,,,,,,,,,,
135,BMW,X4 M,2022,,ドイツ,https://hum3d.com/ja/3d-models/bmw-x4-2022/,BMW_X4_(Mk2f)_(G02)_M_2021,135_BM_X4_M_2021,,,,,,,,,,,,,,
136,Buick,Envision,2022,,アメリカ,https://hum3d.com/ja/3d-models/buick-envision-2021/,Buick_Envision_(Mk2)_2021,136_BU_Envision_2021,,,,,,,,,,,,,,
137,BYD,Atto3,2023,BEV,韓国,https://hum3d.com/ja/3d-models/byd-atto-3-2023/,BYD_Atto_3_2023,137_BD_Atto_3_2023,,,,,,,,,,,,,,
138,Chevrolet,Blazer EV,2023,BEV,米国,https://hum3d.com/ja/3d-models/chevrolet-blazer-ev-2024/,Chevrolet_Blazer_EV_SS_2023,138_CH_Blazer_EV_SS_2023,,,,,,,,,,,,,,
139,Chevrolet,Seeker RS,2023,,,https://hum3d.com/ja/3d-models/chevrolet-seeker-rs-2023/,Chevrolet_Seeker_RS_2023,139_CH_Seeker_RS_2023,,,,,,,,,,,,,,
140,Chevrolet,Trax Activ,2023,,,https://hum3d.com/3d-models/chevrolet-trax-activ-2023/,Chevrolet_Trax_(Mk2)_Activ_2023,140_CH_Trax_Activ_2023,,,,,,,,,,,,,,
141,DongFeng,Forthing T5 EVO,2021,BEV,中国,https://hum3d.com/ja/3d-models/dongfeng-forthing-t5-evo-2021/,DongFeng_Forthing_T5_EVO_2021,141_DF_ForthingT5_EVO_2021,,,,,,,,,,,,,,
142,Fiat,Fiat 500 3+1,2022,BEV,イタリア,https://hum3d.com/ja/3d-models/fiat-500-31-2021/,Fiat_500_(Mk4)_(332)_3plus1_2020,142_FI_Fiat500_3plus1_2020,,,,,,,,,,,,,,
143,Ford,Mustang Mach-E 4 ,2022,,,https://hum3d.com/ja/3d-models/ford-mustang-mach-e-2021/,Ford_Mustang_Mach-E_2021,143_FO_Mustang_MachE_2021,4.15,3.4,5.15,4.1,4.6,5.3,4.9,3.0,4.45,3.45,4.0,3.65,4.6,4.0
144,Honda,HR-V,2023,内燃機関,日本,https://hum3d.com/ja/3d-models/honda-hr-v-2023/,Honda_CR-V_(Mk5)_LX_2017,144_HO_CRV_LX_2017,,,,,,,,,,,,,,
145,Honda,CR-V LX ,2020,,,https://hum3d.com/ja/3d-models/honda-cr-v-lx-2017/,Honda_HR-V_(Mk4)_US-spec_2023,145_HO_HRV_USspec_2023,2.478260869565217,2.869565217391304,3.521739130434783,3.434782608695652,3.347826086956522,3.91304347826087,3.0,3.739130434782609,3.565217391304348,4.260869565217392,4.956521739130435,4.304347826086956,3.652173913043478,5.086956521739131
146,Hyundai,Tuscon Hybrid,2022,内燃機関,韓国,https://hum3d.com/ja/3d-models/hyundai-tucson-hybrid-2022/,Hyundai_Tucson_(Mk4)_(NX4)_hybrid_2022,146_HY_Tucson_hybrid_2022,,,,,,,,,,,,,,
147,Infiniti,QX55,2021,内燃機関,米国,https://hum3d.com/ja/3d-models/infiniti-qx55-2022/,Infiniti_QX55_US-spec_2021,147_IF_QX55_USspec_2021,,,,,,,,,,,,,,
148,Jeep,Avenger e,2023,BEV,米国,https://hum3d.com/ja/3d-models/jeep-avenger-2023/,Jeep_Avenger_e_1st_Edition_2023,148_JP_Avenger_e_1stEd_2023,,,,,,,,,,,,,,
149,Land Rover,Range Rover Evoque,2022,内燃機関,イギリス,https://hum3d.com/ja/3d-models/land-rover-range-rover-evoque-r-dynamic-first-edition-2019/,Land-Rover_Defender_(Mk2)_110_Explorer_Pack_2020,149_LR_Defender110ExplorerPack_2020,,,,,,,,,,,,,,
150,Land Rover,Defender 110 Explorer Pack ,2022,,,https://hum3d.com/ja/3d-models/land-rover-defender-2020/,Land-Rover_Range_Rover_Evoque_(Mk2)_(L551)_R-Dynamic_First_Edition_2019,150_LR_RangeRoverEvoque_2019,1.473684210526316,1.684210526315789,1.578947368421053,2.052631578947369,1.684210526315789,4.684210526315789,4.052631578947368,2.947368421052631,3.789473684210526,2.894736842105263,3.684210526315789,4.0,4.105263157894737,3.842105263157895
151,Leapmotor,C11,2021,BEV,中国,https://hum3d.com/ja/3d-models/leapmotor-c11-2021/,Leap_C11_2021,151_LE_C11_2021,,,,,,,,,,,,,,
152,Lexus,RX,2023,内燃機関,日本,https://hum3d.com/ja/3d-models/lexus-rx-2023/,Lexus_RX_(Mk5)_(AL30)_hybrid_2023,152_LX_RX_hybrid_2023,,,,,,,,,,,,,,
153,Lexus,RZ 450e ,2023,BEV,日本,https://hum3d.com/ja/3d-models/lexus-rz-450e-2023/,Lexus_RZ_450e_2023,153_LX_RZ_450e_2023,,,,,,,,,,,,,,
154,Lincoln,Star,2022,BEV,アメリカ,https://hum3d.com/ja/3d-models/lincoln-star-2022/,Lincoln_Star_concept_2022,154_LC_Star_2022,,,,,,,,,,,,,,
155,Lotus,Eletre,2023,BEV,イギリス,https://hum3d.com/ja/3d-models/lotus-eletre-2024/,Lotus_Eletre_2023,155_LT_Eletre_2023,,,,,,,,,,,,,,
156,Lynk&Co,01 EM-F CN-spec,2023,,中国,https://hum3d.com/ja/3d-models/lynk-co-01-em-f-cn-spec-2023/,Lynk-Co_01_(Mk1f)_(CX11)_EM-F_CN-spec_2022,156_LY_01_EMF_CNspec_2022,,,,,,,,,,,,,,
157,Mahindra,XUV E9,2022,BEV,インド,https://hum3d.com/ja/3d-models/mahindra-xuv-e9/,Mahindra_XUV_E9_2022,157_MA_XUV_E9_2022,,,,,,,,,,,,,,
158,Maserati,Grecale Folgore,2022,BEV,イタリア,https://hum3d.com/ja/3d-models/maserati-grecale-folgore-2022/,Maserati_Grecale_(M182)_Folgore_2022,158_MR_Grecale_Folgore_2022,,,,,,,,,,,,,,
159,Mazda,CX-60 Homura,2022,内燃機関,日本,https://hum3d.com/ja/3d-models/mazda-cx-60-homura-2022/,Mazda_CX-50_Skyactiv-G_Turbo_US-spec_2023,159_MZ_CX50_2023,,,,,,,,,,,,,,
160,Mazda,CX-50,2023,内燃機関,日本,https://hum3d.com/ja/3d-models/mazda-cx-50-2023/,Mazda_CX-60_Homura_2022,160_MZ_CX60_Homura_2022,,,,,,,,,,,,,,
161,Mazda,CX-60 Takumi,2022,内燃機関,日本,https://hum3d.com/ja/3d-models/mazda-cx-60-2022/,Mazda_CX-60_Takumi_2022,161_MZ_CX60_Takumi_2022,,,,,,,,,,,,,,
162,Mercedes-Benz,GLS-class Maybach 600,2020,内燃機関,ドイツ,https://hum3d.com/ja/3d-models/mercedes-benz-gls-class-maybach-600-2020/,Mercedes-Benz_EQC_400_2018,162_MB_EQC_400_2018,,,,,,,,,,,,,,
163,Mercedes-Benz,Maybach EQS SUV,2022,BEV,ドイツ,https://hum3d.com/ja/3d-models/mercedes-maybach-eqs-suv/,Mercedes-Benz_EQG_concept_2022,163_MB_EQG_2022,,,,,,,,,,,,,,
164,Mercedes-Benz,EQG,2022,BEV,ドイツ,https://hum3d.com/ja/3d-models/mercedes-benz-eqg/,Mercedes-Benz_GLS-class_(Mk2)_(X167)_Maybach_600_2020,164_MB_GLS_Maybach_600_2020,,,,,,,,,,,,,,
165,Mercedes-Benz,EQC 400 ,2021,,,https://hum3d.com/ja/3d-models/mercedes-benz-eqc-400/,Mercedes-Benz_Maybach_EQS_SUV_concept_2021,165_MB_Maybach_EQS_SUV_2021,3.294117647058823,3.294117647058823,5.0,3.529411764705882,3.764705882352941,3.352941176470588,4.294117647058823,2.823529411764706,3.117647058823529,2.764705882352941,3.764705882352941,3.588235294117647,3.588235294117647,3.529411764705882
166,MG,ZS EV,2022,BEV,イギリス,https://hum3d.com/ja/3d-models/mg-zs-ev-2022/,MG_HS_(Mk1f)_2022,166_MG_HS_2022,,,,,,,,,,,,,,
167,MG,HS,2022,,,https://hum3d.com/3d-models/mg-hs-2022/,MG_ZS_EV_2022,167_MG_ZS_EV_2022,,,,,,,,,,,,,,
168,Mitsubishi,Airtrek,2022,BEV,日本,https://hum3d.com/ja/3d-models/mitsubishi-airtrek-cn-spec-2022/,Mitsubishi_Airtrek_CN-spec_2022,168_MT_Airtrek_CNspec_2022,,,,,,,,,,,,,,
169,Nio,ES7,2022,BEV,中国,https://hum3d.com/ja/3d-models/nio-es7-2022/,NIO_ES7_2022,169_NI_ES7_2022,,,,,,,,,,,,,,
170,Peugeot,408 hybrid,2023,内燃機関,フランス,https://hum3d.com/ja/3d-models/peugeot-408-2023/,Peugeot_408_(Mk3)_hybrid_2023,170_PE_408_hybrid_2023,,,,,,,,,,,,,,
171,Polestar,Polestar 3,2024,BEV,スウェーデン,https://hum3d.com/ja/3d-models/polestar-3-2024/,Polestar_3_2024,171_PS_Polestar_3_2024,,,,,,,,,,,,,,
172,Smart,Smart 1 Premium,2022,BEV,ドイツ,https://hum3d.com/ja/3d-models/smart-1-premium-2022/,Smart_1_(HX11)_Premium_2022,172_SM_Smart1_Premium_2022,,,,,,,,,,,,,,
173,Sehol,E10X,2021,BEV,中国,https://hum3d.com/ja/3d-models/sol-e10x-2021/,Sol_E10X_2021,173_SL_E10X_2021,,,,,,,,,,,,,,
174,Sony,Vision S,2020,,日本,https://hum3d.com/ja/3d-models/sony-vision-s/,Sony_Vision_S_concept_2020,174_SN_Vision_S_2020,,,,,,,,,,,,,,
175,Tesla,Model Y,2022,BEV,米国,https://hum3d.com/ja/3d-models/tesla-model-y/,Tesla_Cybertruck_2019,175_TE_Cybertruck_2019,,,,,,,,,,,,,,
176,Tesla,Cybertruck,2022,BEV,米国,https://hum3d.com/ja/3d-models/tesla-cybertruck/,Tesla_Model_Y_2021,176_TE_Model_Y_2021,,,,,,,,,,,,,,
177,Toyota,Yaris Cross Hybrid,2022,内燃機関,日本,https://hum3d.com/ja/3d-models/toyota-yaris-cross-hybrid-2020/,Toyota_C-HR_Prologue_concept_2023,177_TO_CHR_Prologue_2023,,,,,,,,,,,,,,
178,Toyota,Crown Limited US-spec,2022,内燃機関,日本,https://hum3d.com/ja/3d-models/toyota-crown-limited-us-spec-2022/,Toyota_Crown_(Mk16)_(S235)_Limited_US-spec_2022,178_TO_Crown_USspec_2022,,,,,,,,,,,,,,
179,Toyota,Prius,2023,内燃機関,日本,https://hum3d.com/ja/3d-models/toyota-prius-2023/,Toyota_Prius_(Mk5)_(XW60)_HEV_Limited_US-spec_2023,179_TO_Prius_HEV_USspec_2023,,,,,,,,,,,,,,
180,Toyota,C-HR Prologue,2023,内燃機関,日本,https://hum3d.com/ja/3d-models/toyota-c-hr-prologue-2023/,Toyota_Yaris_Cross_Hybrid_2020,180_TO_YarisCrossHybrid_2020,,,,,,,,,,,,,,
181,Volvo,EX90,2023,BEV,スウェーデン,https://hum3d.com/ja/3d-models/volvo-ex90-2024/,Volvo_EX90_2023,181_VO_EX90_2023,,,,,,,,,,,,,,
182,Xpeng,G9,2022,BEV,中国,https://hum3d.com/ja/3d-models/xpeng-g9-2022/,Xpeng_G9_2022,182_XP_G9_2022,,,,,,,,,,,,,,
